{
  "precision": 64,
  "numevents": 512,
  "numcolors": 120,
  "numblocks": 4,
  "numthreads": 128,
  "cublas": {
    "avg": 5.57233e-05,
    "min": 3.78e-05,
    "max": 0.000201311
  },
  "device": {
    "avg": 0.00097955,
    "min": 0.000966255,
    "max": 0.00109496
  }
}
