{
  "precision": 64,
  "numevents": 2048,
  "numcolors": 120,
  "numblocks": 32,
  "numthreads": 64,
  "cublas": {
    "avg": 6.65662e-05,
    "min": 4.7541e-05,
    "max": 0.000223471
  },
  "device": {
    "avg": 0.000890867,
    "min": 0.000885025,
    "max": 0.000940445
  }
}
