{
  "precision": 64,
  "numevents": 8192,
  "numcolors": 120,
  "numblocks": 16,
  "numthreads": 512,
  "cublas": {
    "avg": 0.000126562,
    "min": 0.00010687,
    "max": 0.000287272
  },
  "device": {
    "avg": 0.00157283,
    "min": 0.00156721,
    "max": 0.00161746
  }
}
