{
  "precision": 64,
  "numevents": 2048,
  "numcolors": 120,
  "numblocks": 128,
  "numthreads": 16,
  "cublas": {
    "avg": 7.15134e-05,
    "min": 4.989e-05,
    "max": 0.000226461
  },
  "device": {
    "avg": 0.000875212,
    "min": 0.000870625,
    "max": 0.000914434
  }
}
