{
  "precision": 64,
  "numevents": 8192,
  "numcolors": 120,
  "numblocks": 2048,
  "numthreads": 4,
  "cublas": {
    "avg": 0.000121461,
    "min": 0.000102661,
    "max": 0.000273152
  },
  "device": {
    "avg": 0.00147909,
    "min": 0.00147263,
    "max": 0.00152803
  }
}
