{
  "precision": 64,
  "numevents": 1024,
  "numcolors": 120,
  "numblocks": 4,
  "numthreads": 256,
  "cublas": {
    "avg": 6.30151e-05,
    "min": 4.186e-05,
    "max": 0.000209671
  },
  "device": {
    "avg": 0.000882582,
    "min": 0.000869254,
    "max": 0.0010003
  }
}
