{
  "precision": 64,
  "numevents": 256,
  "numcolors": 120,
  "numblocks": 32,
  "numthreads": 8,
  "cublas": {
    "avg": 0.000102494,
    "min": 7.904e-05,
    "max": 0.000290111
  },
  "device": {
    "avg": 0.000890332,
    "min": 0.000882624,
    "max": 0.000954815
  }
}
