{
  "precision": 64,
  "numevents": 2048,
  "numcolors": 120,
  "numblocks": 256,
  "numthreads": 8,
  "cublas": {
    "avg": 7.51104e-05,
    "min": 5.18e-05,
    "max": 0.000232402
  },
  "device": {
    "avg": 0.000957185,
    "min": 0.000954765,
    "max": 0.000977395
  }
}
