{
  "precision": 64,
  "numevents": 4096,
  "numcolors": 120,
  "numblocks": 4,
  "numthreads": 1024,
  "cublas": {
    "avg": 9.59314e-05,
    "min": 7.4831e-05,
    "max": 0.000247381
  },
  "device": {
    "avg": 0.0025753,
    "min": 0.00256892,
    "max": 0.0026238
  }
}
