{
  "precision": 64,
  "numevents": 2048,
  "numcolors": 120,
  "numblocks": 4,
  "numthreads": 512,
  "cublas": {
    "avg": 6.99374e-05,
    "min": 4.93e-05,
    "max": 0.000223012
  },
  "device": {
    "avg": 0.00118559,
    "min": 0.00117183,
    "max": 0.00130601
  }
}
