{
  "precision": 64,
  "numevents": 8192,
  "numcolors": 120,
  "numblocks": 32,
  "numthreads": 256,
  "cublas": {
    "avg": 0.000117687,
    "min": 9.7031e-05,
    "max": 0.000278572
  },
  "device": {
    "avg": 0.00106066,
    "min": 0.00105597,
    "max": 0.00110035
  }
}
