{
  "precision": 64,
  "numevents": 8192,
  "numcolors": 120,
  "numblocks": 64,
  "numthreads": 128,
  "cublas": {
    "avg": 0.000113078,
    "min": 9.408e-05,
    "max": 0.000269551
  },
  "device": {
    "avg": 0.000993243,
    "min": 0.000989665,
    "max": 0.00101968
  }
}
