{
  "precision": 64,
  "numevents": 8192,
  "numcolors": 120,
  "numblocks": 8,
  "numthreads": 1024,
  "cublas": {
    "avg": 0.00011658,
    "min": 9.63e-05,
    "max": 0.000273362
  },
  "device": {
    "avg": 0.00224612,
    "min": 0.00224077,
    "max": 0.00228063
  }
}
