{
  "precision": 64,
  "numevents": 8192,
  "numcolors": 120,
  "numblocks": 256,
  "numthreads": 32,
  "cublas": {
    "avg": 0.00010972,
    "min": 9.0951e-05,
    "max": 0.000262952
  },
  "device": {
    "avg": 0.000893467,
    "min": 0.000887594,
    "max": 0.000924185
  }
}
