{
  "precision": 64,
  "numevents": 256,
  "numcolors": 120,
  "numblocks": 16,
  "numthreads": 16,
  "cublas": {
    "avg": 0.000102772,
    "min": 7.819e-05,
    "max": 0.000284682
  },
  "device": {
    "avg": 0.000862883,
    "min": 0.000853595,
    "max": 0.000943585
  }
}
