{
  "precision": 64,
  "numevents": 8,
  "numcolors": 120,
  "numblocks": 4,
  "numthreads": 2,
  "cublas": {
    "avg": 4.63243e-05,
    "min": 2.892e-05,
    "max": 0.000195521
  },
  "device": {
    "avg": 0.000862993,
    "min": 0.000846604,
    "max": 0.00100835
  }
}
