{
  "precision": 64,
  "numevents": 16384,
  "numcolors": 120,
  "numblocks": 2048,
  "numthreads": 8,
  "cublas": {
    "avg": 0.000218087,
    "min": 0.000192951,
    "max": 0.000390432
  },
  "device": {
    "avg": 0.00159633,
    "min": 0.00158973,
    "max": 0.00164362
  }
}
