{
  "precision": 64,
  "numevents": 8192,
  "numcolors": 120,
  "numblocks": 4,
  "numthreads": 2048,
  "cublas": {
    "avg": 0.000111266,
    "min": 9.0971e-05,
    "max": 0.000267112
  },
  "device": {
    "avg": 2.444e-06,
    "min": 2.2e-06,
    "max": 2.86e-06
  }
}
