{
  "precision": 64,
  "numevents": 32,
  "numcolors": 120,
  "numblocks": 4,
  "numthreads": 8,
  "cublas": {
    "avg": 5.30933e-05,
    "min": 3.644e-05,
    "max": 0.000191051
  },
  "device": {
    "avg": 0.00103498,
    "min": 0.00101831,
    "max": 0.00118211
  }
}
