{
  "precision": 64,
  "numevents": 2048,
  "numcolors": 120,
  "numblocks": 2048,
  "numthreads": 1,
  "cublas": {
    "avg": 7.27183e-05,
    "min": 5.4371e-05,
    "max": 0.000229321
  },
  "device": {
    "avg": 0.00159258,
    "min": 0.00158729,
    "max": 0.00163321
  }
}
