{
  "precision": 64,
  "numevents": 2048,
  "numcolors": 120,
  "numblocks": 1,
  "numthreads": 2048,
  "cublas": {
    "avg": 6.54661e-05,
    "min": 4.758e-05,
    "max": 0.00021373
  },
  "device": {
    "avg": 2.148e-06,
    "min": 2.03e-06,
    "max": 2.3e-06
  }
}
