{
  "precision": 32,
  "numevents": 2048,
  "numcolors": 24,
  "numblocks": 256,
  "numthreads": 8,
  "cublas": {
    "avg": 4.49284e-05,
    "min": 2.79e-05,
    "max": 0.000182091
  },
  "device": {
    "avg": 3.04962e-05,
    "min": 3.01e-05,
    "max": 3.326e-05
  }
}
