{
  "precision": 32,
  "numevents": 64,
  "numcolors": 24,
  "numblocks": 32,
  "numthreads": 2,
  "cublas": {
    "avg": 4.26621e-05,
    "min": 2.588e-05,
    "max": 0.000178371
  },
  "device": {
    "avg": 3.12862e-05,
    "min": 3.019e-05,
    "max": 3.526e-05
  }
}
