{
  "precision": 32,
  "numevents": 2048,
  "numcolors": 24,
  "numblocks": 128,
  "numthreads": 16,
  "cublas": {
    "avg": 4.58402e-05,
    "min": 2.842e-05,
    "max": 0.00018659
  },
  "device": {
    "avg": 3.11551e-05,
    "min": 3.06e-05,
    "max": 3.373e-05
  }
}
