{
  "precision": 32,
  "numevents": 1024,
  "numcolors": 24,
  "numblocks": 1024,
  "numthreads": 1,
  "cublas": {
    "avg": 4.23223e-05,
    "min": 2.5561e-05,
    "max": 0.000183371
  },
  "device": {
    "avg": 4.619e-05,
    "min": 4.473e-05,
    "max": 5.183e-05
  }
}
