{
  "precision": 32,
  "numevents": 4,
  "numcolors": 24,
  "numblocks": 2,
  "numthreads": 2,
  "cublas": {
    "avg": 4.51271e-05,
    "min": 2.708e-05,
    "max": 0.00018168
  },
  "device": {
    "avg": 3.09243e-05,
    "min": 3.021e-05,
    "max": 3.3491e-05
  }
}
