{
  "precision": 32,
  "numevents": 512,
  "numcolors": 24,
  "numblocks": 8,
  "numthreads": 64,
  "cublas": {
    "avg": 4.23762e-05,
    "min": 2.499e-05,
    "max": 0.000183801
  },
  "device": {
    "avg": 3.06633e-05,
    "min": 3.0031e-05,
    "max": 3.3571e-05
  }
}
