{
  "precision": 32,
  "numevents": 4096,
  "numcolors": 24,
  "numblocks": 2,
  "numthreads": 2048,
  "cublas": {
    "avg": 4.91513e-05,
    "min": 3.2571e-05,
    "max": 0.000187111
  },
  "device": {
    "avg": 2.7e-06,
    "min": 2.14e-06,
    "max": 3.68e-06
  }
}
