{
  "precision": 32,
  "numevents": 524288,
  "numcolors": 120,
  "numblocks": 2048,
  "numthreads": 256,
  "cublas": {
    "avg": 0.00630987,
    "min": 0.00628987,
    "max": 0.00645128
  },
  "device": {
    "avg": 0.0063968,
    "min": 0.00488975,
    "max": 0.00688615
  }
}
