{
  "precision": 32,
  "numevents": 16384,
  "numcolors": 120,
  "numblocks": 512,
  "numthreads": 32,
  "cublas": {
    "avg": 0.000257335,
    "min": 0.000233771,
    "max": 0.000442062
  },
  "device": {
    "avg": 0.000460144,
    "min": 0.000458122,
    "max": 0.000475082
  }
}
