{
  "precision": 32,
  "numevents": 524288,
  "numcolors": 120,
  "numblocks": 256,
  "numthreads": 2048,
  "cublas": {
    "avg": 0.00698343,
    "min": 0.00629195,
    "max": 0.00951873
  },
  "device": {
    "avg": 3.33e-06,
    "min": 2.64e-06,
    "max": 7.42e-06
  }
}
