{
  "precision": 32,
  "numevents": 32,
  "numcolors": 120,
  "numblocks": 16,
  "numthreads": 2,
  "cublas": {
    "avg": 5.08475e-05,
    "min": 3.276e-05,
    "max": 0.000191822
  },
  "device": {
    "avg": 0.000470147,
    "min": 0.000469632,
    "max": 0.000472952
  }
}
