{
  "precision": 32,
  "numevents": 2097152,
  "numcolors": 120,
  "numblocks": 1024,
  "numthreads": 2048,
  "cublas": {
    "avg": 0.025125,
    "min": 0.0251013,
    "max": 0.0252957
  },
  "device": {
    "avg": 2.446e-06,
    "min": 2.17e-06,
    "max": 4.03e-06
  }
}
