{
  "precision": 32,
  "numevents": 16384,
  "numcolors": 120,
  "numblocks": 16,
  "numthreads": 1024,
  "cublas": {
    "avg": 0.000289835,
    "min": 0.000266072,
    "max": 0.000479472
  },
  "device": {
    "avg": 0.00119243,
    "min": 0.00119121,
    "max": 0.0011977
  }
}
