{
  "precision": 32,
  "numevents": 512,
  "numcolors": 24,
  "numblocks": 512,
  "numthreads": 1,
  "cublas": {
    "avg": 4.51854e-05,
    "min": 2.455e-05,
    "max": 0.000181402
  },
  "device": {
    "avg": 3.15681e-05,
    "min": 3.092e-05,
    "max": 3.4391e-05
  }
}
