{
  "precision": 32,
  "numevents": 128,
  "numcolors": 24,
  "numblocks": 64,
  "numthreads": 2,
  "cublas": {
    "avg": 4.45973e-05,
    "min": 2.562e-05,
    "max": 0.000183871
  },
  "device": {
    "avg": 3.08272e-05,
    "min": 3.021e-05,
    "max": 3.278e-05
  }
}
