{
  "precision": 32,
  "numevents": 16384,
  "numcolors": 24,
  "numblocks": 512,
  "numthreads": 32,
  "cublas": {
    "avg": 8.12825e-05,
    "min": 6.406e-05,
    "max": 0.000216632
  },
  "device": {
    "avg": 3.48542e-05,
    "min": 3.381e-05,
    "max": 3.732e-05
  }
}
