{
  "precision": 32,
  "numevents": 2048,
  "numcolors": 24,
  "numblocks": 8,
  "numthreads": 256,
  "cublas": {
    "avg": 4.42752e-05,
    "min": 2.823e-05,
    "max": 0.000182811
  },
  "device": {
    "avg": 3.25243e-05,
    "min": 3.1711e-05,
    "max": 3.49e-05
  }
}
