{
  "precision": 32,
  "numevents": 16384,
  "numcolors": 24,
  "numblocks": 32,
  "numthreads": 512,
  "cublas": {
    "avg": 7.66435e-05,
    "min": 5.845e-05,
    "max": 0.000226672
  },
  "device": {
    "avg": 3.74931e-05,
    "min": 3.672e-05,
    "max": 4.003e-05
  }
}
