{
  "precision": 32,
  "numevents": 4096,
  "numcolors": 24,
  "numblocks": 128,
  "numthreads": 32,
  "cublas": {
    "avg": 5.05523e-05,
    "min": 3.364e-05,
    "max": 0.000195471
  },
  "device": {
    "avg": 3.2277e-05,
    "min": 3.078e-05,
    "max": 4.017e-05
  }
}
