{
  "precision": 64,
  "numevents": 1024,
  "numcolors": 24,
  "numblocks": 1,
  "numthreads": 1024,
  "cublas": {
    "avg": 4.4803e-05,
    "min": 2.541e-05,
    "max": 0.00019524
  },
  "device": {
    "avg": 9.35868e-05,
    "min": 9.249e-05,
    "max": 9.692e-05
  }
}
