{
  "precision": 64,
  "numevents": 65536,
  "numcolors": 24,
  "numblocks": 256,
  "numthreads": 256,
  "cublas": {
    "avg": 0.000280284,
    "min": 0.000260309,
    "max": 0.0004532
  },
  "device": {
    "avg": 0.000120791,
    "min": 0.000115589,
    "max": 0.00012427
  }
}
