{
  "precision": 64,
  "numevents": 2048,
  "numcolors": 24,
  "numblocks": 16,
  "numthreads": 128,
  "cublas": {
    "avg": 4.85449e-05,
    "min": 3.148e-05,
    "max": 0.00019409
  },
  "device": {
    "avg": 5.95039e-05,
    "min": 5.897e-05,
    "max": 6.267e-05
  }
}
