{
  "precision": 64,
  "numevents": 1024,
  "numcolors": 24,
  "numblocks": 128,
  "numthreads": 8,
  "cublas": {
    "avg": 4.23499e-05,
    "min": 2.564e-05,
    "max": 0.000188289
  },
  "device": {
    "avg": 4.94229e-05,
    "min": 4.894e-05,
    "max": 5.201e-05
  }
}
