{
  "precision": 64,
  "numevents": 64,
  "numcolors": 24,
  "numblocks": 2,
  "numthreads": 32,
  "cublas": {
    "avg": 3.97079e-05,
    "min": 2.256e-05,
    "max": 0.00018669
  },
  "device": {
    "avg": 4.39989e-05,
    "min": 4.321e-05,
    "max": 4.881e-05
  }
}
