{
  "precision": 64,
  "numevents": 2048,
  "numcolors": 24,
  "numblocks": 512,
  "numthreads": 4,
  "cublas": {
    "avg": 5.0809e-05,
    "min": 3.176e-05,
    "max": 0.00021605
  },
  "device": {
    "avg": 5.90489e-05,
    "min": 5.837e-05,
    "max": 6.179e-05
  }
}
