{
  "precision": 64,
  "numevents": 32768,
  "numcolors": 24,
  "numblocks": 64,
  "numthreads": 512,
  "cublas": {
    "avg": 0.000112171,
    "min": 9.541e-05,
    "max": 0.000257049
  },
  "device": {
    "avg": 6.06738e-05,
    "min": 5.998e-05,
    "max": 6.295e-05
  }
}
