{
  "precision": 64,
  "numevents": 131072,
  "numcolors": 24,
  "numblocks": 256,
  "numthreads": 512,
  "cublas": {
    "avg": 0.00052006,
    "min": 0.000500829,
    "max": 0.000675578
  },
  "device": {
    "avg": 0.000209899,
    "min": 0.000205659,
    "max": 0.00022112
  }
}
