{
  "precision": 64,
  "numevents": 2048,
  "numcolors": 24,
  "numblocks": 2048,
  "numthreads": 1,
  "cublas": {
    "avg": 4.82749e-05,
    "min": 3.0759e-05,
    "max": 0.00019475
  },
  "device": {
    "avg": 0.000110851,
    "min": 0.00010272,
    "max": 0.00011272
  }
}
