{
  "precision": 64,
  "numevents": 32768,
  "numcolors": 24,
  "numblocks": 128,
  "numthreads": 256,
  "cublas": {
    "avg": 0.000135064,
    "min": 0.00011827,
    "max": 0.00027982
  },
  "device": {
    "avg": 7.55578e-05,
    "min": 7.494e-05,
    "max": 7.817e-05
  }
}
