{
  "precision": 64,
  "numevents": 256,
  "numcolors": 24,
  "numblocks": 1,
  "numthreads": 256,
  "cublas": {
    "avg": 4.5486e-05,
    "min": 2.553e-05,
    "max": 0.00021068
  },
  "device": {
    "avg": 5.48359e-05,
    "min": 5.407e-05,
    "max": 6.051e-05
  }
}
