{
  "precision": 64,
  "numevents": 131072,
  "numcolors": 24,
  "numblocks": 512,
  "numthreads": 256,
  "cublas": {
    "avg": 0.000517621,
    "min": 0.000496849,
    "max": 0.000695339
  },
  "device": {
    "avg": 0.000196211,
    "min": 0.00019021,
    "max": 0.00019883
  }
}
