{
  "precision": 64,
  "numevents": 2048,
  "numcolors": 24,
  "numblocks": 1,
  "numthreads": 2048,
  "cublas": {
    "avg": 4.39679e-05,
    "min": 2.715e-05,
    "max": 0.000188899
  },
  "device": {
    "avg": 2.464e-06,
    "min": 2.12e-06,
    "max": 3.06e-06
  }
}
