{
  "precision": 64,
  "numevents": 32768,
  "numcolors": 24,
  "numblocks": 256,
  "numthreads": 128,
  "cublas": {
    "avg": 0.000128458,
    "min": 0.00011091,
    "max": 0.00028047
  },
  "device": {
    "avg": 6.4116e-05,
    "min": 6.362e-05,
    "max": 6.652e-05
  }
}
