{
  "precision": 64,
  "numevents": 4096,
  "numcolors": 24,
  "numblocks": 128,
  "numthreads": 32,
  "cublas": {
    "avg": 5.103e-05,
    "min": 3.321e-05,
    "max": 0.00020235
  },
  "device": {
    "avg": 5.14549e-05,
    "min": 5.06e-05,
    "max": 5.4149e-05
  }
}
