{
  "precision": 64,
  "numevents": 256,
  "numcolors": 24,
  "numblocks": 8,
  "numthreads": 32,
  "cublas": {
    "avg": 4.1554e-05,
    "min": 2.515e-05,
    "max": 0.00018274
  },
  "device": {
    "avg": 5.17329e-05,
    "min": 5.106e-05,
    "max": 5.545e-05
  }
}
