{
  "precision": 64,
  "numevents": 2048,
  "numcolors": 24,
  "numblocks": 256,
  "numthreads": 8,
  "cublas": {
    "avg": 4.55929e-05,
    "min": 2.875e-05,
    "max": 0.00018963
  },
  "device": {
    "avg": 5.01409e-05,
    "min": 4.962e-05,
    "max": 5.28e-05
  }
}
