{
  "precision": 64,
  "numevents": 262144,
  "numcolors": 24,
  "numblocks": 1024,
  "numthreads": 256,
  "cublas": {
    "avg": 0.000895296,
    "min": 0.000876827,
    "max": 0.00104748
  },
  "device": {
    "avg": 0.000324536,
    "min": 0.000323919,
    "max": 0.0003251
  }
}
