{
  "precision": 64,
  "numevents": 2097152,
  "numcolors": 24,
  "numblocks": 1024,
  "numthreads": 2048,
  "cublas": {
    "avg": 0.00685976,
    "min": 0.00683434,
    "max": 0.00705586
  },
  "device": {
    "avg": 2.343e-06,
    "min": 2.12e-06,
    "max": 3.98e-06
  }
}
