{
  "precision": 64,
  "numevents": 16,
  "numcolors": 24,
  "numblocks": 8,
  "numthreads": 2,
  "cublas": {
    "avg": 4.3869e-05,
    "min": 2.549e-05,
    "max": 0.00020496
  },
  "device": {
    "avg": 5.47819e-05,
    "min": 5.3949e-05,
    "max": 5.809e-05
  }
}
