{
  "precision": 64,
  "numevents": 1048576,
  "numcolors": 24,
  "numblocks": 2048,
  "numthreads": 512,
  "cublas": {
    "avg": 0.00345621,
    "min": 0.00343572,
    "max": 0.00361307
  },
  "device": {
    "avg": 0.000944365,
    "min": 0.000918999,
    "max": 0.000995828
  }
}
