{
  "precision": 64,
  "numevents": 512,
  "numcolors": 24,
  "numblocks": 16,
  "numthreads": 32,
  "cublas": {
    "avg": 4.12279e-05,
    "min": 2.46e-05,
    "max": 0.000182999
  },
  "device": {
    "avg": 4.76519e-05,
    "min": 4.691e-05,
    "max": 5.001e-05
  }
}
