{
  "precision": 64,
  "numevents": 2048,
  "numcolors": 24,
  "numblocks": 32,
  "numthreads": 64,
  "cublas": {
    "avg": 4.60058e-05,
    "min": 2.894e-05,
    "max": 0.000190929
  },
  "device": {
    "avg": 5.06689e-05,
    "min": 4.926e-05,
    "max": 5.994e-05
  }
}
