{
  "precision": 64,
  "numevents": 16384,
  "numcolors": 24,
  "numblocks": 64,
  "numthreads": 256,
  "cublas": {
    "avg": 8.88768e-05,
    "min": 6.9549e-05,
    "max": 0.000254389
  },
  "device": {
    "avg": 6.03879e-05,
    "min": 5.977e-05,
    "max": 6.313e-05
  }
}
