{
  "precision": 64,
  "numevents": 2048,
  "numcolors": 24,
  "numblocks": 128,
  "numthreads": 16,
  "cublas": {
    "avg": 4.43269e-05,
    "min": 2.736e-05,
    "max": 0.00018847
  },
  "device": {
    "avg": 4.7011e-05,
    "min": 4.632e-05,
    "max": 4.954e-05
  }
}
