{
  "precision": 64,
  "numevents": 2048,
  "numcolors": 24,
  "numblocks": 1024,
  "numthreads": 2,
  "cublas": {
    "avg": 5.10559e-05,
    "min": 3.144e-05,
    "max": 0.000217119
  },
  "device": {
    "avg": 6.93589e-05,
    "min": 6.627e-05,
    "max": 7.293e-05
  }
}
