{
  "precision": 64,
  "numevents": 32768,
  "numcolors": 24,
  "numblocks": 1024,
  "numthreads": 32,
  "cublas": {
    "avg": 0.000111614,
    "min": 9.456e-05,
    "max": 0.000251219
  },
  "device": {
    "avg": 5.4459e-05,
    "min": 5.355e-05,
    "max": 5.607e-05
  }
}
