{
  "precision": 64,
  "numevents": 4,
  "numcolors": 24,
  "numblocks": 4,
  "numthreads": 1,
  "cublas": {
    "avg": 4.0735e-05,
    "min": 2.242e-05,
    "max": 0.00018373
  },
  "device": {
    "avg": 4.39299e-05,
    "min": 4.299e-05,
    "max": 4.852e-05
  }
}
