{
  "precision": 64,
  "numevents": 65536,
  "numcolors": 120,
  "numblocks": 128,
  "numthreads": 512,
  "cublas": {
    "avg": 0.00065319,
    "min": 0.000630573,
    "max": 0.000831034
  },
  "device": {
    "avg": 0.0020031,
    "min": 0.00200227,
    "max": 0.00200843
  }
}
