{
  "precision": 64,
  "numevents": 16384,
  "numcolors": 120,
  "numblocks": 32,
  "numthreads": 512,
  "cublas": {
    "avg": 0.000217946,
    "min": 0.000195951,
    "max": 0.000377802
  },
  "device": {
    "avg": 0.00157293,
    "min": 0.00156867,
    "max": 0.00160639
  }
}
