{
  "precision": 64,
  "numevents": 131072,
  "numcolors": 120,
  "numblocks": 1024,
  "numthreads": 128,
  "cublas": {
    "avg": 0.00146517,
    "min": 0.00144539,
    "max": 0.00162723
  },
  "device": {
    "avg": 0.00324885,
    "min": 0.00324759,
    "max": 0.00325163
  }
}
