{
  "precision": 64,
  "numevents": 1048576,
  "numcolors": 120,
  "numblocks": 512,
  "numthreads": 2048,
  "cublas": {
    "avg": 0.00907231,
    "min": 0.00904556,
    "max": 0.00923371
  },
  "device": {
    "avg": 2.4e-06,
    "min": 2.08e-06,
    "max": 3.43e-06
  }
}
