{
  "precision": 64,
  "numevents": 131072,
  "numcolors": 120,
  "numblocks": 128,
  "numthreads": 1024,
  "cublas": {
    "avg": 0.0014665,
    "min": 0.00144619,
    "max": 0.00163138
  },
  "device": {
    "avg": 0.00512917,
    "min": 0.00512835,
    "max": 0.00513238
  }
}
