{
  "precision": 64,
  "numevents": 32768,
  "numcolors": 120,
  "numblocks": 64,
  "numthreads": 512,
  "cublas": {
    "avg": 0.000359492,
    "min": 0.000341512,
    "max": 0.000508523
  },
  "device": {
    "avg": 0.00139581,
    "min": 0.00136698,
    "max": 0.00164993
  }
}
