{
  "precision": 64,
  "numevents": 32768,
  "numcolors": 120,
  "numblocks": 128,
  "numthreads": 256,
  "cublas": {
    "avg": 0.000333302,
    "min": 0.000315131,
    "max": 0.000489532
  },
  "device": {
    "avg": 0.00122359,
    "min": 0.00122257,
    "max": 0.00122893
  }
}
