{
  "precision": 64,
  "numevents": 524288,
  "numcolors": 120,
  "numblocks": 2048,
  "numthreads": 256,
  "cublas": {
    "avg": 0.00455489,
    "min": 0.00453313,
    "max": 0.00471796
  },
  "device": {
    "avg": 0.0095114,
    "min": 0.00946055,
    "max": 0.00993896
  }
}
