{
  "precision": 64,
  "numevents": 2048,
  "numcolors": 120,
  "numblocks": 1024,
  "numthreads": 2,
  "cublas": {
    "avg": 6.98654e-05,
    "min": 5.022e-05,
    "max": 0.000221702
  },
  "device": {
    "avg": 0.00103202,
    "min": 0.00102822,
    "max": 0.00104654
  }
}
