{
  "precision": 64,
  "numevents": 32768,
  "numcolors": 120,
  "numblocks": 1024,
  "numthreads": 32,
  "cublas": {
    "avg": 0.000394923,
    "min": 0.000377332,
    "max": 0.000543913
  },
  "device": {
    "avg": 0.00128908,
    "min": 0.00126753,
    "max": 0.00147538
  }
}
