{
  "precision": 64,
  "numevents": 16,
  "numcolors": 120,
  "numblocks": 8,
  "numthreads": 2,
  "cublas": {
    "avg": 5.20352e-05,
    "min": 3.359e-05,
    "max": 0.000201721
  },
  "device": {
    "avg": 0.00107534,
    "min": 0.00106354,
    "max": 0.00118009
  }
}
