{
  "precision": 64,
  "numevents": 131072,
  "numcolors": 120,
  "numblocks": 256,
  "numthreads": 512,
  "cublas": {
    "avg": 0.00146606,
    "min": 0.00144605,
    "max": 0.0016239
  },
  "device": {
    "avg": 0.00384802,
    "min": 0.00384727,
    "max": 0.00385145
  }
}
