{
  "precision": 64,
  "numevents": 32768,
  "numcolors": 120,
  "numblocks": 32,
  "numthreads": 1024,
  "cublas": {
    "avg": 0.000331618,
    "min": 0.000313342,
    "max": 0.000484362
  },
  "device": {
    "avg": 0.0020174,
    "min": 0.00200724,
    "max": 0.00210452
  }
}
