{
  "precision": 64,
  "numevents": 65536,
  "numcolors": 120,
  "numblocks": 32,
  "numthreads": 2048,
  "cublas": {
    "avg": 0.000766265,
    "min": 0.000745334,
    "max": 0.000947056
  },
  "device": {
    "avg": 2.721e-06,
    "min": 2.33e-06,
    "max": 2.95e-06
  }
}
