{
  "precision": 64,
  "numevents": 524288,
  "numcolors": 120,
  "numblocks": 256,
  "numthreads": 2048,
  "cublas": {
    "avg": 0.00539981,
    "min": 0.00454091,
    "max": 0.00620976
  },
  "device": {
    "avg": 2.767e-06,
    "min": 2.52e-06,
    "max": 4.12e-06
  }
}
