{
  "precision": 64,
  "numevents": 2048,
  "numcolors": 120,
  "numblocks": 8,
  "numthreads": 256,
  "cublas": {
    "avg": 6.69862e-05,
    "min": 4.849e-05,
    "max": 0.000215551
  },
  "device": {
    "avg": 0.000923116,
    "min": 0.000914144,
    "max": 0.00100296
  }
}
