{
  "precision": 64,
  "numevents": 262144,
  "numcolors": 120,
  "numblocks": 512,
  "numthreads": 512,
  "cublas": {
    "avg": 0.00233361,
    "min": 0.00231251,
    "max": 0.00250334
  },
  "device": {
    "avg": 0.00503325,
    "min": 0.00503228,
    "max": 0.00503592
  }
}
