{
  "precision": 64,
  "numevents": 1048576,
  "numcolors": 120,
  "numblocks": 1024,
  "numthreads": 1024,
  "cublas": {
    "avg": 0.0090753,
    "min": 0.00904339,
    "max": 0.00923182
  },
  "device": {
    "avg": 0.019837,
    "min": 0.0198349,
    "max": 0.0198421
  }
}
