{
  "precision": 64,
  "numevents": 512,
  "numcolors": 120,
  "numblocks": 2,
  "numthreads": 256,
  "cublas": {
    "avg": 5.49372e-05,
    "min": 3.662e-05,
    "max": 0.000210741
  },
  "device": {
    "avg": 0.00088689,
    "min": 0.000868095,
    "max": 0.00105247
  }
}
