{
  "precision": 64,
  "numevents": 32768,
  "numcolors": 120,
  "numblocks": 2048,
  "numthreads": 16,
  "cublas": {
    "avg": 0.000331235,
    "min": 0.000311562,
    "max": 0.000492422
  },
  "device": {
    "avg": 0.00126239,
    "min": 0.00123664,
    "max": 0.00148595
  }
}
