{
  "precision": 32,
  "numevents": 2048,
  "numcolors": 120,
  "numblocks": 1024,
  "numthreads": 2,
  "cublas": {
    "avg": 0.000114295,
    "min": 9.1681e-05,
    "max": 0.000300952
  },
  "device": {
    "avg": 0.000495075,
    "min": 0.000493593,
    "max": 0.000498523
  }
}
