{
  "precision": 32,
  "numevents": 131072,
  "numcolors": 120,
  "numblocks": 64,
  "numthreads": 2048,
  "cublas": {
    "avg": 0.00201932,
    "min": 0.00199998,
    "max": 0.00216348
  },
  "device": {
    "avg": 2.728e-06,
    "min": 2.63e-06,
    "max": 2.83e-06
  }
}
