{
  "precision": 32,
  "numevents": 4096,
  "numcolors": 120,
  "numblocks": 32,
  "numthreads": 128,
  "cublas": {
    "avg": 0.00013421,
    "min": 0.000108411,
    "max": 0.000329172
  },
  "device": {
    "avg": 0.000453076,
    "min": 0.000452402,
    "max": 0.000455933
  }
}
