{
  "precision": 32,
  "numevents": 2048,
  "numcolors": 120,
  "numblocks": 512,
  "numthreads": 4,
  "cublas": {
    "avg": 0.000131319,
    "min": 0.000107151,
    "max": 0.000328802
  },
  "device": {
    "avg": 0.000583324,
    "min": 0.000582453,
    "max": 0.000586193
  }
}
