{
  "precision": 32,
  "numevents": 65536,
  "numcolors": 120,
  "numblocks": 1024,
  "numthreads": 64,
  "cublas": {
    "avg": 0.00104226,
    "min": 0.00102083,
    "max": 0.0012147
  },
  "device": {
    "avg": 0.00117998,
    "min": 0.00109154,
    "max": 0.0012213
  }
}
