{
  "precision": 32,
  "numevents": 1,
  "numcolors": 120,
  "numblocks": 1,
  "numthreads": 1,
  "cublas": {
    "avg": 4.98433e-05,
    "min": 3.037e-05,
    "max": 0.000219541
  },
  "device": {
    "avg": 0.000540653,
    "min": 0.000536933,
    "max": 0.000570273
  }
}
